selection_strategy,selection_rank,row_id,sample_name,label_numeric,primary_probability,record_category,target_region_group,paired_light_status,confidence_bin,developability_risk_bin,has_structure,cluster_id
highest_score,1,400,ADI-60702,1,0.9823450969375928,known_neutralising,RBD,light_missing_or_single_chain,high,low,False,6
highest_score,2,926,ADI-63156,1,0.9795699246062818,known_neutralising,RBD,light_missing_or_single_chain,high,low,False,6
highest_score,3,394,ADI-60715,1,0.9794463125325784,known_neutralising,RBD,light_missing_or_single_chain,high,low,False,6
highest_score,4,520,ADI-62061,1,0.9784410903032,known_neutralising,RBD,light_missing_or_single_chain,high,low,False,6
highest_score,5,202,ADI-56746,1,0.9772123182158242,known_neutralising,RBD,light_missing_or_single_chain,high,low,False,6
highest_score,6,418,ADI-60736,1,0.972665636629686,known_neutralising,RBD,light_missing_or_single_chain,high,low,False,6
highest_score,7,1144,ADI-63408,1,0.9713092209421786,known_neutralising,RBD,light_missing_or_single_chain,high,low,False,6
highest_score,8,552,ADI-62075,1,0.9706079050113744,known_neutralising,RBD,light_missing_or_single_chain,high,low,False,6
highest_score,9,671,ADI-62824,1,0.9675501001784927,known_neutralising,RBD,light_missing_or_single_chain,high,low,False,6
highest_score,10,884,ADI-63107,1,0.9652229052434712,known_neutralising,RBD,light_missing_or_single_chain,high,low,False,6
highest_score,11,564,ADI-62045,1,0.965117365229038,known_neutralising,RBD,light_missing_or_single_chain,high,low,False,6
highest_score,12,574,ADI-62092,1,0.9626584649103648,known_neutralising,RBD,light_missing_or_single_chain,high,low,False,6
highest_score,13,1118,ADI-63376,1,0.960570880073639,known_neutralising,RBD,light_missing_or_single_chain,high,low,False,6
highest_score,14,847,ADI-63064,1,0.9582840809063088,known_neutralising,RBD,light_missing_or_single_chain,high,low,False,6
highest_score,15,419,ADI-60734,1,0.9576049728220692,known_neutralising,RBD,light_missing_or_single_chain,high,low,False,6
highest_score,16,1028,ADI-63273,1,0.9575558016572208,known_neutralising,RBD,light_missing_or_single_chain,high,low,False,6
highest_score,17,301,ADI-57834,1,0.9558468227462684,known_neutralising,RBD,light_missing_or_single_chain,high,low,False,6
highest_score,18,422,ADI-60696,1,0.9544371694615724,known_neutralising,RBD,light_missing_or_single_chain,high,low,False,6
highest_score,19,377,ADI-60792,1,0.9534254393085376,known_neutralising,RBD,light_missing_or_single_chain,high,low,False,6
highest_score,20,798,ADI-63009,1,0.9510999422516336,known_neutralising,RBD,light_missing_or_single_chain,high,medium,False,6
highest_score,21,1043,ADI-63292,1,0.9509313123349622,known_neutralising,RBD,light_missing_or_single_chain,high,low,False,6
highest_score,22,760,ADI-62965,1,0.9499832040688788,known_neutralising,RBD,light_missing_or_single_chain,high,medium,False,6
highest_score,23,448,ADI-61228,1,0.9498684612472288,known_neutralising,RBD,light_missing_or_single_chain,high,low,False,6
highest_score,24,653,ADI-62793,1,0.9496662933896124,known_neutralising,RBD,light_missing_or_single_chain,high,low,False,6
highest_score,25,1062,ADI-63312,1,0.9489643066013552,known_neutralising,RBD,light_missing_or_single_chain,high,low,False,6
highest_score,26,1007,ADI-63252,1,0.9476126646585328,known_neutralising,RBD,light_missing_or_single_chain,high,low,False,6
highest_score,27,969,ADI-63206,1,0.9453912826070208,known_neutralising,RBD,light_missing_or_single_chain,high,low,False,5
highest_score,28,581,ADI-62033,1,0.93932860470566,known_neutralising,RBD,light_missing_or_single_chain,high,low,False,6
highest_score,29,5376,Ab_51A1,1,0.938311074285983,known_neutralising,RBD,paired,high,low,False,4
highest_score,30,379,ADI-60781,1,0.936791068196554,known_neutralising,RBD,light_missing_or_single_chain,high,low,False,6
highest_score,31,1264,Du_10D12,1,0.9334933042494388,known_neutralising,RBD,light_missing_or_single_chain,high,low,True,6
highest_score,32,2526,ADI-75733,1,0.9319733224090656,known_neutralising,RBD,paired,high,low,False,8
highest_score,33,315,ADI-60562,1,0.923292821583655,known_neutralising,RBD,light_missing_or_single_chain,high,low,False,6
highest_score,34,892,ADI-63117,1,0.9231096690414374,known_neutralising,RBD,light_missing_or_single_chain,high,low,False,6
highest_score,35,253,ADI-57841,1,0.9228470776944904,known_neutralising,RBD,light_missing_or_single_chain,high,low,False,6
highest_score,36,345,ADI-60675,1,0.9227173150767656,known_neutralising,RBD,light_missing_or_single_chain,high,low,False,6
highest_score,37,889,ADI-63114,1,0.922593994702534,known_neutralising,RBD,light_missing_or_single_chain,high,low,False,6
highest_score,38,373,ADI-60783,1,0.9225487204697496,known_neutralising,RBD,light_missing_or_single_chain,high,low,False,6
highest_score,39,943,ADI-63179,1,0.9207303761535396,known_neutralising,RBD,light_missing_or_single_chain,high,low,False,6
highest_score,40,2114,DH1126,1,0.9166649478607154,conflict_label,RBD,paired,high,low,False,
highest_score,41,6304,C2188,1,0.9160667996058822,known_neutralising,RBD,paired,high,low,False,3
highest_score,42,1042,ADI-63291,1,0.9153056173660457,known_neutralising,RBD,light_missing_or_single_chain,high,low,False,6
highest_score,43,5787,C1326,1,0.9143833794488216,known_neutralising,RBD,paired,high,medium,False,3
highest_score,44,919,ADI-63149,1,0.9139248445270078,known_neutralising,RBD,light_missing_or_single_chain,high,low,False,6
highest_score,45,1735,AZ355,1,0.9136376243347568,known_neutralising,RBD,paired,high,low,False,1
highest_score,46,5871,C1439,1,0.9129669654835576,known_neutralising,RBD,paired,high,low,False,3
highest_score,47,793,ADI-63002,1,0.9128024971596984,known_neutralising,RBD,light_missing_or_single_chain,high,low,False,6
highest_score,48,9155,R568-1E8,1,0.9126053530302825,conflict_label,RBD,paired,high,low,False,
highest_score,49,781,ADI-62988,1,0.9118517303703024,known_neutralising,RBD,light_missing_or_single_chain,high,low,False,6
highest_score,50,1627,AZ078,1,0.9103934658646516,known_neutralising,RBD,paired,high,low,False,1
highest_score,51,11337,BD55-5950,1,0.90965337840419,conflict_label,RBD,paired,high,low,False,
highest_score,52,6917,C936,1,0.9092741837388194,known_neutralising,RBD,paired,high,low,False,4
highest_score,53,692,ADI-62854,1,0.9092490637641096,known_neutralising,RBD,light_missing_or_single_chain,high,low,False,6
highest_score,54,10438,BD58-0573,1,0.9089537162230464,known_neutralising,RBD,paired,high,low,False,4
highest_score,55,951,ADI-63187,1,0.9086724712155856,known_neutralising,RBD,light_missing_or_single_chain,high,low,False,6
highest_score,56,2377,ADI-75566,1,0.906715640855103,known_neutralising,RBD,paired,high,low,False,4
highest_score,57,7939,eCC12.1.12,1,0.9062790481077414,known_neutralising,RBD,paired,high,low,False,7
highest_score,58,1155,NCV2SG48,1,0.9062144373988766,known_neutralising,RBD,paired,high,medium,True,1
highest_score,59,2433,ADI-75627,1,0.9059500581017924,known_neutralising,RBD,paired,high,low,False,4
highest_score,60,6699,C616,1,0.9058962935575038,known_neutralising,RBD,paired,high,low,False,4
highest_score,61,8057,Fab1-20,1,0.9052387890411292,conflict_label,RBD,paired,high,low,False,
highest_score,62,6977,CAB-A49,1,0.9027835821209136,conflict_label,RBD,paired,high,medium,False,
highest_score,63,9865,WNb-1,1,0.9027828883012996,known_neutralising,RBD,light_missing_or_single_chain,high,low,False,6
highest_score,64,3405,BD56-313,1,0.9022908024209714,conflict_label,RBD,paired,high,medium,False,
highest_score,65,9874,WNb-20,1,0.902115360646638,known_neutralising,RBD,light_missing_or_single_chain,high,medium,False,6
highest_score,66,669,ADI-62821,1,0.9012821175303712,known_neutralising,RBD,light_missing_or_single_chain,high,medium,False,6
highest_score,67,1544,AZ203,1,0.9009354292744496,known_neutralising,RBD,paired,high,low,False,4
highest_score,68,2037,CC12.1,1,0.9007093487681253,conflict_label,RBD,paired,high,low,True,
highest_score,69,5834,C1398,1,0.9006242033299734,known_neutralising,RBD,paired,high,low,False,1
highest_score,70,2118,DH1154,1,0.9000383897839401,conflict_label,RBD,paired,high,low,False,
highest_score,71,6621,C522,1,0.8990799330270448,known_neutralising,RBD,paired,high,low,False,4
highest_score,72,9156,R568-1G9,1,0.8979102744445641,known_neutralising,RBD,paired,high,low,False,7
highest_score,73,10452,BD56-1198,1,0.8979099518163112,conflict_label,RBD,paired,high,low,False,
highest_score,74,6272,C2148,1,0.8978298256274253,known_neutralising,RBD,paired,high,low,False,3
highest_score,75,2013,LY-CoV481,1,0.8973729179063072,conflict_label,RBD,paired,high,low,True,
highest_score,76,2677,DXP-604,1,0.8954863522065857,conflict_label,RBD,paired,high,low,False,
highest_score,77,2181,COV2-2037,1,0.8954231985380773,conflict_label,RBD,paired,high,low,False,
highest_score,78,2254,CC25.40,0,0.8950695125319065,known_non_neutralising,RBD,paired,high,low,False,1
highest_score,79,7943,eCC12.1.6,1,0.8950219308031727,known_neutralising,RBD,paired,high,low,False,7
highest_score,80,980,ADI-63218,1,0.8948479498604627,known_neutralising,RBD,light_missing_or_single_chain,high,low,False,6
highest_score,81,6886,C903,1,0.8947085983661288,known_neutralising,RBD,paired,high,low,False,4
highest_score,82,2678,BD-605,1,0.8945195778330853,conflict_label,RBD,paired,high,low,False,
highest_score,83,6585,C3119,1,0.8942763819580247,known_neutralising,RBD,paired,high,low,False,4
highest_score,84,11012,BD56-1916,1,0.8940776369796669,conflict_label,RBD,paired,high,medium,False,
highest_score,85,9093,R207-2G4,1,0.8939732967499223,known_neutralising,RBD,paired,high,low,False,4
highest_score,86,8968,PDI-226,0,0.8937310262300713,known_non_neutralising,RBD,paired,high,low,False,7
highest_score,87,2048,C102,1,0.8924921895533116,conflict_label,RBD,paired,high,low,True,
highest_score,88,9895,WNb-5,1,0.8918881783702566,known_neutralising,RBD,light_missing_or_single_chain,high,low,False,6
highest_score,89,5475,aRBD-3,1,0.8903777139161231,known_neutralising,RBD,light_missing_or_single_chain,high,medium,False,6
highest_score,90,6979,CAB-C19,1,0.8901540376197618,known_neutralising,RBD,paired,high,low,False,1
highest_score,91,960,ADI-63196,1,0.8894791600571893,known_neutralising,RBD,light_missing_or_single_chain,high,low,False,6
highest_score,92,6819,C836,1,0.8893918175465417,known_neutralising,RBD,paired,high,low,False,1
highest_score,93,2563,ADI-75774,1,0.8887432395802527,known_neutralising,RBD,paired,high,low,False,1
highest_score,94,5767,C1303,1,0.8881009240300239,known_neutralising,RBD,paired,high,low,False,4
highest_score,95,6328,C2232,1,0.8880813572842655,known_neutralising,RBD,paired,high,low,False,7
highest_score,96,5709,C123,1,0.8875894109219015,known_neutralising,RBD,paired,high,low,False,3
highest_score,97,1381,034-32,1,0.887342392544065,known_neutralising,RBD,paired,high,low,False,1
highest_score,98,6918,C937,1,0.886575643726579,known_neutralising,RBD,paired,high,low,False,4
highest_score,99,6485,C2629,1,0.8858002258787407,known_neutralising,RBD,paired,high,low,False,4
highest_score,100,10647,BD56-1476,1,0.8857164217935898,known_neutralising,RBD,paired,high,low,False,4
highest_score,101,2034,COVA2-04,1,0.885565281826067,conflict_label,RBD,paired,high,low,True,
highest_score,102,5404,Ab_57B8,1,0.8854357119077431,known_neutralising,RBD,paired,high,low,False,7
highest_score,103,9892,WNb-45,1,0.8841613032419081,known_neutralising,RBD,light_missing_or_single_chain,high,low,False,6
highest_score,104,7941,eCC12.1.4,1,0.8835510776093075,known_neutralising,RBD,paired,high,low,False,7
highest_score,105,5753,C1287,1,0.8834371093800824,known_neutralising,RBD,paired,high,low,False,4
highest_score,106,1178,Park_35-46,1,0.8833285649989806,known_neutralising,RBD,light_missing_or_single_chain,high,medium,False,5
highest_score,107,9120,R3P1-E4,1,0.8829704019541492,known_neutralising,RBD,paired,high,low,False,1
highest_score,108,7942,eCC12.1.5,1,0.8824968163211572,known_neutralising,RBD,paired,high,low,False,7
highest_score,109,6744,C663,1,0.8822753192816637,known_neutralising,RBD,paired,high,low,False,1
highest_score,110,7946,eCC12.1.9,1,0.8822607499744065,conflict_label,RBD,paired,high,low,False,
highest_score,111,8756,Omi-3,1,0.8821533730869868,conflict_label,RBD,paired,high,low,True,
highest_score,112,9246,REGN10986,1,0.8816768319052286,known_neutralising,RBD,paired,high,low,False,1
highest_score,113,5743,C1266,1,0.881661082600369,known_neutralising,RBD,paired,high,low,False,7
highest_score,114,9979,XGv304,1,0.8812201343197242,conflict_label,RBD,paired,high,low,False,
highest_score,115,8980,PDI-243,1,0.8811576304070654,known_neutralising,RBD,paired,high,medium,False,4
highest_score,116,8571,Mendon_N1.2,1,0.8808384559649698,known_neutralising,RBD,light_missing_or_single_chain,high,low,False,6
highest_score,117,6675,C586,1,0.8806322220448168,known_neutralising,RBD,paired,high,low,False,1
highest_score,118,2535,ADI-75742,1,0.8806246793789294,known_neutralising,RBD,paired,high,low,False,4
highest_score,119,8818,P008_057,1,0.8797975774897516,known_neutralising,RBD,paired,high,low,False,8
highest_score,120,6208,C2033,1,0.8792385554495596,known_neutralising,RBD,paired,high,low,False,3
highest_score,121,9669,VHH-72,1,0.8792136494234937,known_neutralising,RBD,light_missing_or_single_chain,high,low,True,6
highest_score,122,6381,C2430,1,0.8792049506370304,known_neutralising,RBD,paired,high,low,False,4
highest_score,123,9547,Shiakolas_53182-9,1,0.8791568323499389,known_neutralising,RBD,paired,high,low,False,3
highest_score,124,2654,ADI-75879,1,0.8785433078465689,known_neutralising,RBD,paired,high,low,False,8
highest_score,125,9674,VHH-72.76,1,0.8782324735871588,known_neutralising,RBD,light_missing_or_single_chain,high,low,False,6
highest_score,126,6181,C2006,1,0.8781518763727466,known_neutralising,RBD,paired,high,low,False,3
highest_score,127,2681,BD-614,1,0.8777869376782036,known_neutralising,RBD,paired,high,low,False,4
highest_score,128,8558,Maeda_C246,1,0.87775788624683,known_neutralising,other,light_missing_or_single_chain,high,low,False,6
highest_score,129,6316,C2220,1,0.8774975786968786,known_neutralising,RBD,paired,high,low,False,4
highest_score,130,8338,KA1,1,0.8773624998416616,known_neutralising,RBD,light_missing_or_single_chain,high,low,False,6
highest_score,131,1341,S43,1,0.8773586644825353,known_neutralising,RBD,light_missing_or_single_chain,high,medium,True,6
highest_score,132,3198,BD57-025,1,0.876804601121996,conflict_label,RBD,paired,high,low,False,
highest_score,133,7944,eCC12.1.7,1,0.8763843676903603,known_neutralising,RBD,paired,high,low,False,7
highest_score,134,8885,P5A-1B8,1,0.876187676577221,known_neutralising,RBD,paired,high,low,True,3
highest_score,135,7938,eCC12.1.11,1,0.8761403777820627,known_neutralising,RBD,paired,high,low,False,7
highest_score,136,8339,KA1.ep1,1,0.8760334046555212,known_neutralising,RBD,light_missing_or_single_chain,high,low,False,6
highest_score,137,6615,C514,1,0.8759670997487072,known_neutralising,RBD,paired,high,low,False,4
highest_score,138,1185,P5-1H1,1,0.8757489277179523,known_neutralising,RBD,paired,high,low,False,1
highest_score,139,7940,eCC12.1.3,1,0.8755712465080535,conflict_label,RBD,paired,high,low,False,
highest_score,140,5476,aRBD-41,1,0.8748494964515043,known_neutralising,RBD,light_missing_or_single_chain,high,low,False,6
highest_score,141,2666,BD-395,1,0.8746467888352785,conflict_label,RBD,paired,high,low,False,
highest_score,142,9888,WNb-35,1,0.8743138788959608,known_neutralising,RBD,light_missing_or_single_chain,high,low,False,6
highest_score,143,6245,C210,1,0.8740685221040969,known_neutralising,RBD,paired,high,low,False,3
highest_score,144,8337,K7.19,1,0.8740609642059265,known_neutralising,RBD,light_missing_or_single_chain,high,low,False,6
highest_score,145,9160,R568-2B11,1,0.8740409481593426,known_neutralising,RBD,paired,high,low,False,1
highest_score,146,9121,R3P2-A2,1,0.8740151255170552,known_neutralising,RBD,paired,high,low,False,1
highest_score,147,9883,WNb-30,1,0.8736589951150632,known_neutralising,RBD,light_missing_or_single_chain,high,low,False,6
highest_score,148,1638,AZ089,1,0.8736573267393273,known_neutralising,RBD,paired,high,low,False,4
highest_score,149,2684,BD-619,1,0.8735532327401078,conflict_label,RBD,paired,high,low,False,
highest_score,150,6392,C2460,1,0.873487034746039,known_neutralising,RBD,paired,high,low,False,4
highest_score,151,2709,BD-807,1,0.8734456270468445,conflict_label,RBD,paired,high,low,False,
highest_score,152,5358,A8-1,1,0.8733153968663375,known_neutralising,RBD,paired,high,low,True,4
highest_score,153,3641,BD56-804,1,0.8731661164072391,conflict_label,RBD,paired,high,medium,False,
highest_score,154,588,ADI-62122,1,0.8731550472323572,known_neutralising,RBD,light_missing_or_single_chain,high,low,False,6
highest_score,155,7849,DH1125,1,0.8730190564312184,known_neutralising,RBD,paired,high,medium,False,4
highest_score,156,6268,C2139,1,0.8730114294168382,known_neutralising,RBD,paired,high,medium,False,4
highest_score,157,1482,C099,1,0.8728623640637917,known_neutralising,RBD,paired,high,low,True,1
highest_score,158,1227,Boonkrai_1D1,1,0.8727737413247222,known_neutralising,RBD,paired,high,low,True,1
highest_score,159,6212,C2037,1,0.8726576244508235,known_neutralising,RBD,paired,high,low,False,3
highest_score,160,9234,REGN10956,1,0.8723749075323564,known_neutralising,RBD,paired,high,low,False,3
highest_score,161,2627,ADI-75847,1,0.8721814059667125,known_neutralising,RBD,paired,high,low,False,7
highest_score,162,1206,P2-1G7,1,0.8721636380846991,conflict_label,RBD,paired,high,low,False,
highest_score,163,10808,BD56-1695,1,0.8720310319931195,conflict_label,RBD,paired,high,low,False,
highest_score,164,9201,RBD11,1,0.8719608768705067,known_neutralising,RBD,light_missing_or_single_chain,high,medium,False,6
highest_score,165,8343,KC3.ep5,1,0.8704761027605489,known_neutralising,RBD,light_missing_or_single_chain,high,low,False,6
highest_score,166,9670,VHH-72.6,1,0.8702430544652656,known_neutralising,RBD,light_missing_or_single_chain,high,low,False,6
highest_score,167,6329,C2233,1,0.8700324423440657,known_neutralising,RBD,paired,high,low,False,4
highest_score,168,9205,RBD3,1,0.8697210992209625,known_neutralising,RBD,light_missing_or_single_chain,high,medium,False,6
highest_score,169,6697,C614,1,0.869523123433798,known_neutralising,RBD,paired,high,low,False,4
highest_score,170,2675,BD-598,1,0.8694964242801193,conflict_label,RBD,paired,high,medium,False,
highest_score,171,9671,VHH-72.65,1,0.8694558946588793,known_neutralising,RBD,light_missing_or_single_chain,high,low,False,6
highest_score,172,6382,C2431,1,0.8694203203965658,known_neutralising,RBD,paired,high,low,False,4
highest_score,173,2363,VA014R_37,1,0.8688291050780096,known_neutralising,RBD,paired,high,low,False,8
highest_score,174,3302,BD56-089,1,0.8687331759235976,conflict_label,RBD,paired,high,low,False,
highest_score,175,1142,ADI-63406,1,0.8686124850557035,known_neutralising,RBD,light_missing_or_single_chain,high,medium,False,6
highest_score,176,2028,COVOX-269,1,0.8685354438474218,conflict_label,RBD,paired,high,low,True,
highest_score,177,8639,Nb#6,1,0.8684690592207484,known_neutralising,RBD,light_missing_or_single_chain,high,low,True,6
highest_score,178,9727,Wang-C399,1,0.8684008651037043,known_neutralising,RBD,paired,high,low,False,3
highest_score,179,3805,23D145,1,0.8677205990085697,known_neutralising,RBD,paired,high,low,False,4
highest_score,180,2671,BD-421,1,0.8672931169012643,conflict_label,RBD,paired,high,low,False,
highest_score,181,2012,LY-CoV488,1,0.8672615135117607,conflict_label,RBD,paired,high,low,True,
highest_score,182,9978,XGv303,1,0.8672245715100224,known_neutralising,RBD,paired,high,low,False,1
highest_score,183,7192,COV2-2132,1,0.8671228355644911,known_neutralising,RBD,paired,high,low,False,4
highest_score,184,7086,CN111647077A-VHH26,1,0.8670436937981202,known_neutralising,RBD,light_missing_or_single_chain,high,low,False,6
highest_score,185,9197,RBD1,1,0.8665605339151294,known_neutralising,RBD,light_missing_or_single_chain,high,low,False,6
highest_score,186,1602,AZ052,1,0.8663655056692675,known_neutralising,RBD,paired,high,low,False,1
highest_score,187,9897,WNb-60,1,0.8663078215821266,known_neutralising,RBD,light_missing_or_single_chain,high,low,False,6
highest_score,188,5723,C1245,1,0.8661274638058378,known_neutralising,RBD,paired,high,low,False,3
highest_score,189,706,ADI-62878,1,0.8658988303828881,known_neutralising,RBD,light_missing_or_single_chain,high,low,False,6
highest_score,190,7945,eCC12.1.8,1,0.8653609708314889,known_neutralising,RBD,paired,high,low,False,7
highest_score,191,9673,VHH-72.71,1,0.8652357594014821,known_neutralising,RBD,light_missing_or_single_chain,high,low,False,6
highest_score,192,1262,14D2,1,0.8650982367403038,known_neutralising,RBD,light_missing_or_single_chain,high,low,False,6
highest_score,193,7937,eCC12.1.10,1,0.8645989838822328,known_neutralising,RBD,paired,high,low,False,7
highest_score,194,9672,VHH-72.66,1,0.8644545577423496,known_neutralising,RBD,light_missing_or_single_chain,high,low,False,6
highest_score,195,8087,FI-3A,1,0.8642606607182022,known_neutralising,RBD,paired,high,low,True,8
highest_score,196,1234,Hastie_2A10,1,0.8642414566721359,known_neutralising,RBD,paired,high,low,True,8
highest_score,197,5411,Ab_58G1,1,0.864174017691288,known_neutralising,RBD,paired,high,low,False,7
highest_score,198,9314,S1-RBD-16,1,0.8638752478998696,known_neutralising,RBD,light_missing_or_single_chain,high,low,False,6
highest_score,199,9870,WNb-15,1,0.8635651623149483,known_neutralising,RBD,light_missing_or_single_chain,high,low,False,6
highest_score,200,9123,R3P2-B6,1,0.8635087394269494,known_neutralising,RBD,paired,high,low,False,7
highest_score,201,9461,Sb17,1,0.8632685096908312,known_neutralising,RBD,light_missing_or_single_chain,high,medium,False,6
highest_score,202,7382,COV2-2733,1,0.8631672313462133,known_neutralising,RBD,paired,high,low,False,7
highest_score,203,9869,WNb-14,1,0.8630736720591089,known_neutralising,RBD,light_missing_or_single_chain,high,low,False,6
highest_score,204,9866,WNb-10,1,0.862913699895825,known_neutralising,RBD,light_missing_or_single_chain,high,low,True,6
highest_score,205,9736,Wang-C447,1,0.8626940418774985,known_neutralising,RBD,paired,high,low,False,3
highest_score,206,9868,WNb-13,1,0.862569333778572,known_neutralising,RBD,light_missing_or_single_chain,high,low,False,6
highest_score,207,7056,Chan-SC31,1,0.8623393092884025,known_neutralising,RBD,paired,high,low,False,7
highest_score,208,2077,BD-236,1,0.8622129126149195,conflict_label,RBD,paired,high,low,True,
highest_score,209,7088,CN111647077A-VHH4,1,0.8620735018900717,known_neutralising,RBD,light_missing_or_single_chain,high,low,False,6
highest_score,210,7075,CN111647077A-VHH16,1,0.8619387184486474,known_neutralising,RBD,light_missing_or_single_chain,high,low,False,6
highest_score,211,2031,COVOX-222,1,0.8611586086833687,conflict_label,RBD,paired,high,low,True,
highest_score,212,5712,C1232,1,0.8606550619950195,known_neutralising,RBD,paired,high,low,False,4
highest_score,213,2079,BD-629,1,0.860620295368938,conflict_label,RBD,paired,high,low,True,
highest_score,214,9210,Re5D06,1,0.86046518631383,known_neutralising,RBD,light_missing_or_single_chain,high,low,True,6
highest_score,215,7090,CN111647077A-VHH6,1,0.8603977045877558,known_neutralising,RBD,light_missing_or_single_chain,high,medium,False,6
highest_score,216,9207,RBD3i2,1,0.860382200303744,known_neutralising,RBD,light_missing_or_single_chain,high,medium,False,6
highest_score,217,3804,23D142,1,0.8602861610239174,known_neutralising,RBD,paired,high,low,False,4
highest_score,218,7124,CN112062840A,1,0.8594200437986714,known_neutralising,RBD,light_missing_or_single_chain,high,low,False,6
highest_score,219,10797,BD56-1684,1,0.8592387689761231,conflict_label,RBD,paired,high,low,False,
highest_score,220,9465,Sb23,1,0.858988348828096,known_neutralising,RBD,light_missing_or_single_chain,high,low,True,6
highest_score,221,1307,Fischer_hRBD9,1,0.8585614029105268,conflict_label,RBD,paired,high,low,False,
highest_score,222,5478,aRBD-5,1,0.8585613582036995,conflict_label,RBD,light_missing_or_single_chain,high,medium,True,
highest_score,223,7145,CN113563463A-3FC,1,0.8585505019346418,known_neutralising,RBD,light_missing_or_single_chain,high,low,False,6
highest_score,224,9122,R3P2-B5,1,0.858472058160722,known_neutralising,RBD,paired,high,low,False,4
highest_score,225,6975,CAB-A17,1,0.858359478266777,known_neutralising,RBD,paired,high,low,True,4
highest_score,226,2010,P4A1,1,0.8582032573372795,conflict_label,RBD,paired,high,low,True,
highest_score,227,3516,BD56-546,1,0.8580662294547091,conflict_label,RBD,paired,high,low,False,
highest_score,228,1388,002-S13D5,0,0.8580612030922492,known_non_neutralising,RBD,paired,high,low,False,1
highest_score,229,9235,REGN10957,1,0.8577173085373833,known_neutralising,RBD,paired,high,low,False,1
highest_score,230,1260,7D1,1,0.8575812026912865,known_neutralising,RBD,light_missing_or_single_chain,high,low,False,6
highest_score,231,3187,BD57-013,1,0.8572885018537061,known_neutralising,RBD,paired,high,low,False,4
highest_score,232,1727,AZ347,1,0.8568503049672205,known_neutralising,RBD,paired,high,low,False,4
highest_score,233,8336,K7.13,1,0.8568291868599199,known_neutralising,RBD,light_missing_or_single_chain,high,low,False,6
highest_score,234,1186,P5S-2A9,1,0.8567818469859513,known_neutralising,RBD,paired,high,low,False,4
highest_score,235,7406,COV2-2813,1,0.8567276819225136,known_neutralising,RBD,paired,high,low,False,7
highest_score,236,7089,CN111647077A-VHH5,1,0.8566220248618605,known_neutralising,RBD,light_missing_or_single_chain,high,low,False,6
highest_score,237,9592,STE73-2C2,1,0.8565905730162174,known_neutralising,RBD,paired,high,low,False,8
highest_score,238,6489,C2635,1,0.8558201348742716,known_neutralising,RBD,paired,high,low,False,4
highest_score,239,1650,AZ102,1,0.8556143130255067,known_neutralising,RBD,paired,high,medium,False,4
highest_score,240,9208,RBD6,1,0.8554150982106199,known_neutralising,RBD,light_missing_or_single_chain,high,low,False,6
highest_score,241,2434,ADI-75628,1,0.8552530896272051,known_neutralising,RBD,paired,high,low,False,4
highest_score,242,6613,C511,1,0.8550051587419526,known_neutralising,RBD,paired,high,low,False,4
highest_score,243,5588,C101,1,0.8549363030625505,known_neutralising,RBD,paired,high,low,False,8
highest_score,244,5393,Ab_53H3,1,0.8544141465838483,known_neutralising,RBD,paired,high,low,False,8
highest_score,245,3451,BD56-460,1,0.8542378031090603,conflict_label,RBD,paired,high,low,False,
highest_score,246,2030,COVOX-253H165L,1,0.8541573738830168,conflict_label,RBD,paired,high,medium,True,
highest_score,247,9281,S1-36,1,0.8539762772676485,known_neutralising,RBD,light_missing_or_single_chain,high,medium,False,6
highest_score,248,9074,R200-1B9,1,0.8537747397598843,known_neutralising,RBD,paired,high,medium,False,4
highest_score,249,9198,RBD10,1,0.8537178520654896,known_neutralising,RBD,light_missing_or_single_chain,high,low,False,6
highest_score,250,7092,CN111647077A-VHH8,1,0.8535362994648127,known_neutralising,RBD,light_missing_or_single_chain,high,low,False,6
highest_score,251,2478,ADI-75681,1,0.8533706558345986,known_neutralising,RBD,paired,high,low,False,4
highest_score,252,7076,CN111647077A-VHH17,1,0.8532606653372693,known_neutralising,RBD,light_missing_or_single_chain,high,low,False,6
highest_score,253,1783,AZ408,1,0.8530811181390051,known_neutralising,RBD,paired,high,medium,False,1
highest_score,254,1483,C1002,1,0.8529149930976897,known_neutralising,RBD,paired,high,low,False,1
highest_score,255,7091,CN111647077A-VHH7,1,0.8528692090967889,known_neutralising,RBD,light_missing_or_single_chain,high,low,False,6
highest_score,256,9399,Sb#15,1,0.852387019841649,known_neutralising,RBD,light_missing_or_single_chain,high,low,True,6
highest_score,257,10646,BD56-1475,1,0.8522623248542917,conflict_label,RBD,paired,high,low,False,
highest_score,258,7720,CV2.1169,1,0.852222038178898,conflict_label,RBD,paired,high,low,True,
highest_score,259,8972,PDI-230,1,0.8522179759588856,known_neutralising,RBD,paired,high,low,False,5
highest_score,260,2585,ADI-75799,1,0.8521242470955519,known_neutralising,RBD,paired,high,low,False,7
highest_score,261,1172,Liu_16-1C,1,0.8519828426923539,conflict_label,RBD,paired,high,low,False,
highest_score,262,9203,RBD1i1,1,0.8518651206989422,known_neutralising,RBD,light_missing_or_single_chain,high,low,False,6
highest_score,263,6408,C2485,1,0.8517489373993437,known_neutralising,RBD,paired,high,medium,False,7
highest_score,264,7084,CN111647077A-VHH24,1,0.8516851917273481,known_neutralising,RBD,light_missing_or_single_chain,high,low,False,6
highest_score,265,1575,AZ227,1,0.8516531085546077,known_neutralising,RBD,paired,high,low,False,1
highest_score,266,9153,R568-1B3,1,0.8516452637997342,known_neutralising,RBD,paired,high,medium,False,1
highest_score,267,2679,BD-612,1,0.8514561329633829,conflict_label,RBD,paired,high,low,False,
highest_score,268,9496,Sb76,1,0.8514030230002931,known_neutralising,RBD,light_missing_or_single_chain,high,low,False,6
highest_score,269,9867,WNb-11,1,0.8513806315840375,known_neutralising,RBD,light_missing_or_single_chain,high,low,False,6
highest_score,270,5824,C1384,1,0.8512800532269308,known_neutralising,RBD,paired,high,low,False,4
highest_score,271,7074,CN111647077A-VHH15,1,0.8510935780902421,known_neutralising,RBD,light_missing_or_single_chain,high,low,False,6
highest_score,272,9521,sdAb-4D8,1,0.8510387230134561,known_neutralising,RBD,light_missing_or_single_chain,high,low,False,6
highest_score,273,9400,Sb#16,1,0.8509955364859961,known_neutralising,RBD,light_missing_or_single_chain,high,medium,True,6
highest_score,274,2947,BD55-5245,1,0.8509625203908197,conflict_label,RBD,paired,high,low,False,
highest_score,275,6510,C2669,1,0.85090711329864,known_neutralising,RBD,paired,high,low,False,4
highest_score,276,5477,aRBD-42,1,0.850819342371492,known_neutralising,RBD,light_missing_or_single_chain,high,low,False,6
highest_score,277,2840,BD55-1451,1,0.8507551774349097,conflict_label,RBD,paired,high,low,False,
highest_score,278,5479,aRBD-54,1,0.8506957235700104,known_neutralising,RBD,light_missing_or_single_chain,high,low,False,6
highest_score,279,7405,COV2-2812,1,0.8506197675040279,known_neutralising,RBD,paired,high,low,False,7
highest_score,280,9119,R3P1-A12,1,0.8504121089847427,known_neutralising,RBD,paired,high,low,False,3
highest_score,281,9206,RBD3i17,1,0.850333587171368,known_neutralising,RBD,light_missing_or_single_chain,high,medium,False,6
highest_score,282,5528,C005,1,0.8502853542308972,known_neutralising,RBD,paired,high,low,False,5
highest_score,283,6763,C682,1,0.8500322587365694,known_neutralising,RBD,paired,high,low,False,3
highest_score,284,1385,002-S13A6,1,0.8500068075856577,known_neutralising,RBD,paired,high,low,False,4
highest_score,285,37,Sun_Nb1B5,1,0.8498781014586544,known_neutralising,RBD,light_missing_or_single_chain,high,low,True,6
highest_score,286,6736,C654,1,0.8496323087741445,known_neutralising,RBD,paired,high,medium,False,4
highest_score,287,7077,CN111647077A-VHH18,1,0.8496224823995624,known_neutralising,RBD,light_missing_or_single_chain,high,low,False,6
highest_score,288,6458,C2579,1,0.8495754062815003,known_neutralising,RBD,paired,high,low,False,4
highest_score,289,9881,WNb-29,1,0.8494497821098741,known_neutralising,RBD,light_missing_or_single_chain,high,low,False,6
highest_score,290,9604,SW-C11,1,0.8493495102600526,known_neutralising,RBD,paired,high,low,True,4
highest_score,291,9860,Windsor_C98C7,1,0.8489599179902358,known_neutralising,RBD,paired,high,low,True,4
highest_score,292,5689,C1207,1,0.848849722747954,known_neutralising,RBD,paired,high,low,False,4
highest_score,293,9493,Sb7,1,0.8487314257288866,known_neutralising,RBD,light_missing_or_single_chain,high,low,False,6
highest_score,294,7681,CS44,1,0.8485917965988347,known_neutralising,RBD,paired,high,low,True,3
highest_score,295,6525,C3011,1,0.8485125676721986,known_neutralising,RBD,paired,high,low,False,4
highest_score,296,680,ADI-62836,1,0.8485084508063484,known_neutralising,RBD,light_missing_or_single_chain,high,low,False,6
highest_score,297,5635,C1058,1,0.8485043630566474,known_neutralising,RBD,paired,high,low,False,1
highest_score,298,7635,CS127,1,0.8483633213251435,known_neutralising,RBD,paired,high,medium,False,2
highest_score,299,9687,Wang-C194,0,0.848303597226712,known_non_neutralising,RBD,paired,high,low,False,8
highest_score,300,9723,Wang-C387,1,0.8481570620527857,known_neutralising,RBD,paired,high,low,False,2
highest_score,301,7072,CN111647077A-VHH13,1,0.8480867886079481,known_neutralising,RBD,light_missing_or_single_chain,high,low,False,6
highest_score,302,6617,C517,1,0.8475644601906155,known_neutralising,RBD,paired,high,low,False,4
highest_score,303,9391,saRBD-1,1,0.847472573701487,known_neutralising,RBD,light_missing_or_single_chain,high,low,False,6
highest_score,304,10129,BD56-1352,1,0.8474058429518763,conflict_label,RBD,paired,high,low,False,
highest_score,305,7159,CoV11,1,0.8473895029918616,known_neutralising,RBD,paired,high,medium,True,4
highest_score,306,9475,Sb42,1,0.8473344256833882,known_neutralising,RBD,light_missing_or_single_chain,high,low,False,6
highest_score,307,9998,YU536-D04,1,0.8472077305846251,known_neutralising,RBD,paired,high,medium,False,4
highest_score,308,7411,COV2-2822,0,0.8471666851553766,known_non_neutralising,RBD,paired,high,low,False,4
highest_score,309,7069,CN111647077A-VHH10,1,0.8471234064259577,known_neutralising,RBD,light_missing_or_single_chain,high,low,False,6
highest_score,310,8810,P008_042,1,0.8469251575511717,known_neutralising,RBD,paired,high,low,False,1
highest_score,311,9288,S1-48,1,0.8467641364765884,known_neutralising,RBD,light_missing_or_single_chain,high,low,False,6
highest_score,312,9252,REGN11004,1,0.8466249881597494,known_neutralising,RBD,paired,high,low,False,7
highest_score,313,7144,CN113563463A-2FC,1,0.8465144403280107,known_neutralising,RBD,light_missing_or_single_chain,high,low,False,6
highest_score,314,3565,BD56-621,1,0.8463327346421746,conflict_label,RBD,paired,high,low,False,
highest_score,315,9478,Sb46,1,0.8462957659470307,known_neutralising,RBD,light_missing_or_single_chain,high,low,False,6
highest_score,316,9428,Sb#45,1,0.8462459901408677,known_neutralising,RBD,light_missing_or_single_chain,high,low,True,6
highest_score,317,2072,BD-515,1,0.8462221086460449,conflict_label,RBD,paired,high,low,True,
highest_score,318,1228,P5S-2B10,1,0.8460709225312462,conflict_label,RBD,paired,high,low,True,
highest_score,319,6578,C3110,1,0.8460526783922765,known_neutralising,RBD,paired,high,low,False,7
highest_score,320,8973,PDI-231,1,0.8460371654295628,known_neutralising,RBD,paired,high,low,True,7
highest_score,321,5397,Ab_56D7,1,0.8457442575302038,known_neutralising,RBD,paired,high,low,False,3
highest_score,322,2165,COV2-2113,1,0.8456328731071472,conflict_label,RBD,paired,high,low,False,
highest_score,323,8734,NIH-CoVnb-112,1,0.8454274385654408,known_neutralising,RBD,light_missing_or_single_chain,high,low,True,6
highest_score,324,8295,Hanke_G1,1,0.845346656143134,known_neutralising,RBD,light_missing_or_single_chain,high,medium,False,6
highest_score,325,10247,BD55-906,1,0.8453018071742693,conflict_label,RBD,paired,high,low,False,
highest_score,326,3372,BD56-229,1,0.8452614731133419,known_neutralising,RBD,paired,high,low,False,4
highest_score,327,10942,BD56-1834,1,0.8451824326777126,conflict_label,RBD,paired,high,low,False,
highest_score,328,6533,C3036,1,0.8451315352125328,known_neutralising,RBD,paired,high,low,False,4
highest_score,329,1342,R14,1,0.844762073003321,known_neutralising,RBD,light_missing_or_single_chain,high,medium,True,6
highest_score,330,7645,CS153,1,0.8447496534801894,known_neutralising,RBD,paired,high,medium,False,4
highest_score,331,7007,CC12.13,1,0.8447181334716665,known_neutralising,RBD,paired,high,low,False,7
highest_score,332,2039,C1A-F10,1,0.844690474640228,conflict_label,RBD,paired,high,low,True,
highest_score,333,7143,CN113563463A-1FC,1,0.8446398384302797,known_neutralising,RBD,light_missing_or_single_chain,high,low,False,6
highest_score,334,9464,Sb22,1,0.8444050521065991,known_neutralising,RBD,light_missing_or_single_chain,high,medium,False,6
highest_score,335,5682,C120,1,0.8443768511404832,known_neutralising,RBD,paired,high,low,False,7
highest_score,336,8835,P008_083,1,0.8441574660008547,known_neutralising,RBD,paired,high,low,False,7
highest_score,337,9124,R3P2-G1,1,0.8440034914466615,known_neutralising,RBD,paired,high,low,False,4
highest_score,338,5826,C1386,0,0.8439590406883031,known_non_neutralising,RBD,paired,high,low,False,4
highest_score,339,9519,sdAb-2F2,1,0.8438122341801697,known_neutralising,RBD,light_missing_or_single_chain,high,low,False,6
highest_score,340,1508,F6,1,0.8436417145243876,known_neutralising,RBD,light_missing_or_single_chain,high,low,True,6
highest_score,341,6482,C2625,1,0.8435509473284841,known_neutralising,RBD,paired,high,low,False,1
highest_score,342,10486,BD56-1260,1,0.8435164186838483,conflict_label,RBD,paired,high,low,False,
highest_score,343,6657,C565,1,0.8431539025236725,known_neutralising,RBD,paired,high,low,False,4
highest_score,344,6718,C637,1,0.84311324591764,known_neutralising,RBD,paired,high,low,False,3
highest_score,345,9518,sdAb-1E2,1,0.8430847984534751,known_neutralising,RBD,light_missing_or_single_chain,high,low,False,6
highest_score,346,5328,54042-11,1,0.8430764097622122,known_neutralising,other,paired,high,medium,False,7
highest_score,347,6506,C2662,1,0.8429726641678252,known_neutralising,RBD,paired,high,low,False,1
highest_score,348,5327,54042-10,1,0.8427689922347545,known_neutralising,other,paired,high,low,False,4
highest_score,349,11251,BD57-0378,1,0.8425738025053661,conflict_label,RBD,paired,high,low,False,
highest_score,350,9130,R40-1C8,1,0.8424780778187191,known_neutralising,RBD,paired,high,low,False,4
highest_score,351,1164,Liu_13-1C,1,0.8422305699267388,conflict_label,RBD,paired,high,medium,False,
highest_score,352,9977,XGv302,1,0.8421556002902816,known_neutralising,RBD,paired,high,low,False,1
highest_score,353,5727,C125,1,0.8420114688394282,known_neutralising,RBD,paired,high,low,False,2
highest_score,354,9166,R568-2G5,1,0.8417833513691937,known_neutralising,RBD,paired,high,low,False,4
highest_score,355,9089,R207-2A6,1,0.8416804802937102,known_neutralising,RBD,paired,high,low,False,4
highest_score,356,1340,Nb70,1,0.8415325168964497,known_neutralising,RBD,light_missing_or_single_chain,high,low,True,6
highest_score,357,7436,COV2-2961,1,0.8415139424381217,known_neutralising,RBD,paired,high,low,False,4
highest_score,358,2829,BD55-1404,1,0.8415120197257355,known_neutralising,RBD,paired,high,low,False,1
highest_score,359,9896,WNb-59,1,0.841296565225942,known_neutralising,RBD,light_missing_or_single_chain,high,low,False,6
highest_score,360,3422,BD56-418,1,0.8412929436760023,conflict_label,RBD,paired,high,low,False,
highest_score,361,1496,B2058,1,0.841268253856446,known_neutralising,RBD,paired,high,low,False,7
highest_score,362,9457,Sb12,1,0.841260062450272,known_neutralising,RBD,light_missing_or_single_chain,high,low,False,6
highest_score,363,10659,BD56-1516,1,0.8412039675894625,conflict_label,RBD,paired,high,low,False,
highest_score,364,9450,Sb#68,1,0.8411081169653692,known_neutralising,RBD,light_missing_or_single_chain,high,medium,True,6
highest_score,365,5642,C1065,1,0.8407375830667366,known_neutralising,RBD,paired,high,low,False,4
highest_score,366,7744,CV38-139,1,0.8406098517029074,known_neutralising,RBD,paired,high,low,False,3
highest_score,367,10914,BD56-1805,1,0.8406026628068202,conflict_label,RBD,paired,high,low,False,
highest_score,368,11523,BD55-6391,1,0.8405578802154702,conflict_label,RBD,paired,high,low,False,
highest_score,369,1743,AZ363,1,0.8405411376588389,known_neutralising,RBD,paired,high,low,False,4
highest_score,370,3184,BD57-009,1,0.8404963909216234,conflict_label,RBD,paired,high,low,False,
highest_score,371,9877,WNb-24,1,0.8404619293536322,known_neutralising,RBD,light_missing_or_single_chain,high,low,False,6
highest_score,372,9209,RBD6id,1,0.8403031055840396,known_neutralising,RBD,light_missing_or_single_chain,high,medium,False,6
highest_score,373,1180,Park_43-34,1,0.8402990389967392,known_neutralising,RBD,light_missing_or_single_chain,high,medium,False,6
highest_score,374,45,C4-225,1,0.8402916426224302,known_neutralising,RBD,light_missing_or_single_chain,high,low,True,6
highest_score,375,1331,GAR15,1,0.8401824223523453,known_neutralising,RBD,paired,high,low,False,7
highest_score,376,10262,BD57-001,1,0.8401816612250765,conflict_label,RBD,paired,high,low,False,
highest_score,377,1183,P5-2H11,1,0.8401756007703248,conflict_label,RBD,paired,high,low,False,
highest_score,378,6333,C2237,1,0.8400952932775657,known_neutralising,RBD,paired,high,low,False,3
highest_score,379,9084,R207-1C4,1,0.8399693930313459,conflict_label,RBD,paired,high,low,False,
highest_score,380,1662,AZ250,1,0.8398837470539783,known_neutralising,RBD,paired,high,low,False,1
highest_score,381,7936,eCC12.1.1,1,0.8397131231428477,known_neutralising,RBD,paired,high,low,False,7
highest_score,382,8304,HbnC3t1p1_C6,1,0.8396066854902633,known_neutralising,RBD,paired,high,low,True,7
highest_score,383,9609,TAU-2303,1,0.8395085990686897,known_neutralising,RBD,paired,high,low,True,7
highest_score,384,6976,CAB-A18,1,0.8394945457821416,known_neutralising,RBD,paired,high,low,False,1
highest_score,385,9871,WNb-17,1,0.8394487021035775,known_neutralising,RBD,light_missing_or_single_chain,high,low,False,6
highest_score,386,7622,CS102,1,0.839374104181571,known_neutralising,RBD,paired,high,low,False,3
highest_score,387,5858,C1425,1,0.8393245395860306,known_neutralising,RBD,paired,high,low,False,7
highest_score,388,9861,Windsor_G32A4,1,0.8392744797065286,known_neutralising,RBD,paired,high,low,True,2
highest_score,389,7079,CN111647077A-VHH2,1,0.8392273526028053,known_neutralising,RBD,light_missing_or_single_chain,high,low,False,6
highest_score,390,8827,P008_072,0,0.8392223003571536,known_non_neutralising,other,paired,high,low,False,4
highest_score,391,9597,STE73-6C8,1,0.839103436051893,known_neutralising,RBD,paired,high,low,False,8
highest_score,392,8891,P5A-3C8,1,0.8389248509799739,known_neutralising,RBD,paired,high,low,True,4
highest_score,393,5614,C1035,1,0.8388354891104874,known_neutralising,RBD,paired,high,low,False,4
highest_score,394,6978,CAB-B37,1,0.8388082952825828,known_neutralising,RBD,paired,high,low,False,1
highest_score,395,9228,REGN10938,1,0.8384781492888426,known_neutralising,RBD,paired,high,low,False,4
highest_score,396,10741,BD56-1617,1,0.83821320817182,known_neutralising,RBD,paired,high,low,False,4
highest_score,397,5400,Ab_56H3,1,0.838173399979372,known_neutralising,RBD,paired,high,medium,False,4
highest_score,398,7662,CS180,1,0.8380146819306891,known_neutralising,RBD,paired,high,low,False,7
highest_score,399,2685,BD-628,1,0.8379823544261262,conflict_label,RBD,paired,high,low,False,
highest_score,400,2580,ADI-75793,1,0.8379405085691688,known_neutralising,RBD,paired,high,low,False,7
highest_score,401,1441,Ab496,1,0.8377003003724195,conflict_label,RBD,paired,high,low,True,
highest_score,402,607,ADI-62113,1,0.8376827459969641,known_neutralising,RBD,light_missing_or_single_chain,high,medium,False,6
highest_score,403,5379,Ab_51D3,1,0.8374210076217479,known_neutralising,RBD,paired,high,low,False,4
highest_score,404,2158,COV2-3025,1,0.8373153788870558,conflict_label,RBD,paired,high,low,False,
highest_score,405,2706,BD-796,1,0.8372177526652852,conflict_label,RBD,paired,high,low,False,
highest_score,406,5480,aRBD-7,1,0.8371076151748275,known_neutralising,RBD,light_missing_or_single_chain,high,medium,True,6
highest_score,407,1261,10H7,1,0.8370670929713144,known_neutralising,RBD,light_missing_or_single_chain,high,low,False,6
highest_score,408,7664,CS182,1,0.837025426489639,known_neutralising,RBD,paired,high,low,False,4
highest_score,409,9899,WNb-62,1,0.8370177370297213,known_neutralising,RBD,light_missing_or_single_chain,high,low,False,6
highest_score,410,6331,C2235,1,0.8369874803073976,known_neutralising,RBD,paired,high,low,False,7
highest_score,411,9284,S1-39,1,0.8369732824174037,known_neutralising,RBD,light_missing_or_single_chain,high,low,False,6
highest_score,412,7147,CN113563463A-5FC,1,0.8367001097028451,known_neutralising,RBD,light_missing_or_single_chain,high,low,False,6
highest_score,413,6360,C2395,1,0.8366723839254268,known_neutralising,RBD,paired,high,low,False,3
highest_score,414,10516,BD56-1291,1,0.8365871593665011,known_neutralising,RBD,paired,high,low,False,1
highest_score,415,5811,C1366,1,0.8364592671381004,known_neutralising,RBD,paired,high,low,False,3
highest_score,416,9490,Sb62,1,0.8362755293715901,known_neutralising,RBD,light_missing_or_single_chain,high,medium,False,6
highest_score,417,3540,BD56-584,1,0.8362287385670654,conflict_label,RBD,paired,high,medium,False,
highest_score,418,10569,BD56-1354,1,0.8361200639199377,conflict_label,RBD,paired,high,low,False,
highest_score,419,1169,Liu_14-2G,1,0.836089032712994,conflict_label,RBD,paired,high,low,False,
highest_score,420,8090,Fu2,1,0.8357896593284695,known_neutralising,RBD,light_missing_or_single_chain,high,low,False,6
highest_score,421,10633,BD56-1461,1,0.8357382637068201,known_neutralising,RBD,paired,high,low,False,4
highest_score,422,6428,C2526,1,0.835712555845085,known_neutralising,RBD,paired,high,low,False,4
highest_score,423,6849,C864,1,0.8356770860245845,known_neutralising,RBD,paired,high,medium,False,4
highest_score,424,2520,ADI-75725,1,0.8355841208304347,known_neutralising,RBD,paired,high,low,False,8
highest_score,425,8294,Hanke_F12,1,0.8355587519311828,known_neutralising,RBD,light_missing_or_single_chain,high,low,False,6
highest_score,426,3730,XGv-212,1,0.8354987756930797,known_neutralising,RBD,paired,high,low,False,4
highest_score,427,2736,BD-913,1,0.8353033460445775,conflict_label,RBD,paired,high,low,False,
highest_score,428,8892,P5C3,1,0.8352572851540092,conflict_label,RBD,paired,high,medium,True,
highest_score,429,1822,XK01,1,0.8351061579214534,known_neutralising,RBD,paired,high,low,False,8
highest_score,430,6411,C2496,1,0.8350902788550708,known_neutralising,RBD,paired,high,low,False,1
highest_score,431,9898,WNb-61,1,0.8350847557353747,known_neutralising,RBD,light_missing_or_single_chain,high,low,False,6
highest_score,432,6992,Casasnovas-1.16,0,0.8350568842922433,known_non_neutralising,RBD,light_missing_or_single_chain,high,low,False,6
highest_score,433,1559,AZ218,1,0.8349747208791648,known_neutralising,RBD,paired,high,low,False,1
highest_score,434,1665,AZ253,1,0.834937639413056,known_neutralising,RBD,paired,high,medium,False,4
highest_score,435,1337,aSA3,1,0.8349295848254809,known_neutralising,RBD,light_missing_or_single_chain,high,low,True,6
highest_score,436,8342,KC3.ep3,1,0.8348933352892345,known_neutralising,RBD,light_missing_or_single_chain,high,low,False,6
highest_score,437,10419,BD56-973,1,0.8347287040622897,conflict_label,RBD,paired,high,low,False,
highest_score,438,9260,S-Nb91,1,0.8344092371866272,known_neutralising,RBD,light_missing_or_single_chain,high,low,False,6
highest_score,439,6993,Casasnovas-1.26,1,0.8342872245131134,known_neutralising,RBD,light_missing_or_single_chain,high,low,False,6
highest_score,440,9875,WNb-22,1,0.8341985499255389,known_neutralising,RBD,light_missing_or_single_chain,high,low,False,6
highest_score,441,2004,COV2-2196,1,0.834096290587854,conflict_label,RBD,paired,high,low,True,
highest_score,442,9398,Sb#14,1,0.8339932518051653,known_neutralising,RBD,light_missing_or_single_chain,high,medium,True,6
highest_score,443,9882,WNb-3,1,0.8339609816454386,known_neutralising,RBD,light_missing_or_single_chain,high,low,False,6
highest_score,444,63,Liu_9A8,1,0.8339069531038213,known_neutralising,RBD,paired,high,low,True,4
highest_score,445,9204,RBD1i3,1,0.8338909343698688,known_neutralising,RBD,light_missing_or_single_chain,high,low,False,6
highest_score,446,9318,S1-RBD-21,1,0.8338436874285041,known_neutralising,RBD,light_missing_or_single_chain,high,low,False,6
highest_score,447,9241,REGN10971,1,0.8337908237991019,known_neutralising,RBD,paired,high,low,False,4
highest_score,448,9476,Sb43,1,0.8337238016885525,known_neutralising,RBD,light_missing_or_single_chain,high,low,False,6
highest_score,449,2536,ADI-75743,1,0.8336905936943784,known_neutralising,RBD,paired,high,medium,False,7
highest_score,450,5355,A23-58-1,1,0.8336823750307433,conflict_label,RBD,paired,high,medium,True,
highest_score,451,1432,1-2C7,1,0.8336321123910735,known_neutralising,RBD,light_missing_or_single_chain,high,low,True,6
highest_score,452,9005,PDI-306,1,0.8334331991434324,known_neutralising,RBD,paired,high,medium,False,8
highest_score,453,8296,Hanke_G2,0,0.8332668199392388,known_non_neutralising,RBD,light_missing_or_single_chain,high,low,False,6
highest_score,454,9238,REGN10966,1,0.8331804601718458,known_neutralising,RBD,paired,high,low,False,4
highest_score,455,10215,BD55-1723,1,0.8331188673512268,conflict_label,RBD,paired,high,low,False,
highest_score,456,5766,C1302,1,0.8330964630999973,known_neutralising,RBD,paired,high,medium,False,4
highest_score,457,7073,CN111647077A-VHH14,1,0.8330827367730285,known_neutralising,RBD,light_missing_or_single_chain,high,low,False,6
highest_score,458,7146,CN113563463A-4FC,1,0.8330442377996914,known_neutralising,RBD,light_missing_or_single_chain,high,low,False,6
highest_score,459,9191,RBD_NB1A7,1,0.8330271771065356,known_neutralising,RBD,light_missing_or_single_chain,high,low,True,6
highest_score,460,9009,PDI-310,1,0.8329301439941438,known_neutralising,RBD,paired,high,medium,False,7
highest_score,461,2056,S2X259,1,0.8328866764347349,conflict_label,RBD,paired,high,low,True,
highest_score,462,5886,C1457,1,0.8327483169617554,known_neutralising,RBD,paired,high,low,False,8
highest_score,463,6839,C854,1,0.8324824988776985,known_neutralising,RBD,paired,high,low,False,7
highest_score,464,1749,AZ369,1,0.8323357087396213,known_neutralising,RBD,paired,high,low,False,4
highest_score,465,3786,13G9,1,0.8322582782497981,known_neutralising,RBD,paired,high,low,True,4
highest_score,466,8574,MnC2t1p1_A3,1,0.8322546002046213,known_neutralising,RBD,paired,high,low,False,3
highest_score,467,5688,C1206,1,0.832120933543037,known_neutralising,RBD,paired,high,low,False,3
highest_score,468,8341,KC3,1,0.8320255316212135,known_neutralising,RBD,light_missing_or_single_chain,high,low,False,6
highest_score,469,1792,AZ418,1,0.8318877312945034,known_neutralising,RBD,paired,high,medium,False,7
highest_score,470,7123,CN112062838A-sdAb,1,0.8318759880218475,known_neutralising,RBD,light_missing_or_single_chain,high,low,False,6
highest_score,471,10968,BD56-1863,1,0.8318535886215166,conflict_label,RBD,paired,high,low,False,
highest_score,472,3658,BD56-832,1,0.8317703327400742,conflict_label,RBD,paired,high,low,False,
highest_score,473,2106,Ehling_mAb-64,1,0.8317282778124119,conflict_label,RBD,paired,high,low,False,
highest_score,474,5876,C1445,1,0.8316949737589844,known_neutralising,RBD,paired,high,low,False,4
highest_score,475,9886,WNb-33,1,0.8316925593246338,known_neutralising,RBD,light_missing_or_single_chain,high,low,False,6
highest_score,476,7087,CN111647077A-VHH27,1,0.8316296912306896,known_neutralising,RBD,light_missing_or_single_chain,high,low,False,6
highest_score,477,1477,C3057,1,0.8315928334326813,known_neutralising,RBD,paired,high,low,False,4
highest_score,478,7059,Chen_SR38,1,0.8314569460352282,conflict_label,RBD,light_missing_or_single_chain,high,medium,False,
highest_score,479,7080,CN111647077A-VHH20,1,0.8313156287522043,known_neutralising,RBD,light_missing_or_single_chain,high,low,False,6
highest_score,480,7070,CN111647077A-VHH11,1,0.8310503457598859,known_neutralising,RBD,light_missing_or_single_chain,high,low,False,6
highest_score,481,11253,BD57-0386,1,0.8309919299605263,conflict_label,RBD,paired,high,low,False,
highest_score,482,8849,P008_103,1,0.8308311462196385,known_neutralising,RBD,paired,high,low,False,7
highest_score,483,9271,S1-23,1,0.8307976433962392,known_neutralising,RBD,light_missing_or_single_chain,high,low,False,6
highest_score,484,6484,C2628,1,0.8307294096174767,known_neutralising,RBD,paired,high,low,False,3
highest_score,485,3702,XGv-013,1,0.8305405003500692,conflict_label,RBD,paired,high,low,False,
highest_score,486,36,Sun_Nb1C6,1,0.830397863527813,known_neutralising,RBD,light_missing_or_single_chain,high,medium,True,6
highest_score,487,2455,ADI-75652,1,0.8303769286599206,known_neutralising,RBD,paired,high,medium,False,8
highest_score,488,1189,P10S-1D8,1,0.8303304038363518,conflict_label,RBD,paired,high,medium,False,
highest_score,489,9456,Sb100,1,0.8302988217965988,known_neutralising,RBD,light_missing_or_single_chain,high,low,False,6
highest_score,490,988,ADI-63227,1,0.8302030139912805,known_neutralising,RBD,light_missing_or_single_chain,high,low,False,6
highest_score,491,3569,BD56-625,1,0.8301972694976514,known_neutralising,RBD,paired,high,low,False,4
highest_score,492,3550,BD56-597,1,0.8301485762439258,known_neutralising,RBD,paired,high,low,False,1
highest_score,493,9254,REGN11008,1,0.8301007787167938,known_neutralising,RBD,paired,high,low,False,7
highest_score,494,8993,PDI-290,1,0.8300727925700073,known_neutralising,RBD,paired,high,low,False,7
highest_score,495,2155,CV07-287,1,0.8297193513296643,conflict_label,RBD,paired,high,low,True,
highest_score,496,5803,C1344,1,0.8296977034399002,known_neutralising,RBD,paired,high,low,False,7
highest_score,497,6237,C2066,1,0.8295680409554543,known_neutralising,RBD,paired,high,low,False,2
highest_score,498,8877,P22A-1D1,1,0.8294808540019845,known_neutralising,RBD,paired,high,low,True,5
highest_score,499,2838,BD55-1442,1,0.8292828750312164,conflict_label,RBD,paired,high,low,False,
highest_score,500,3132,BD55-6105,1,0.8290051295218791,conflict_label,RBD,paired,high,low,False,
